Ns3 X,Ns3 Y,Ns2 X,Ns2 Y,N5.6x6 X,N5.6x6 Y,N.25x1 X,N.25x1 Y,Ps2 X,Ps2 Y,Ps3 X,Ps3 Y,P3x1 X,P3x1 Y,P.5x2 X,P.5x2 Y,P2x1 X,P2x1 Y,P1.92x1 X,P1.92x1 Y,P1x3 X,P1x3 Y,P.25x20 X,P.25x20 Y,Ps.5 X,Ps.5 Y,P1x2 X,P1x2 Y,CA_P X,CA_P Y,CA_N X,CA_N Y,Ps.25 X,Ps.25 Y,Ns.3 X,Ns.3 Y,P2x.3 X,P2x.3 Y,N1.92x1 X,N1.92x1 Y,N2x1 X,N2x1 Y
1e-13,1.000040201293587,1e-13,0.9999592421730027,1e-13,0.875174985580263,1e-13,0.9998971567963373,1e-13,0.9999977635396855,1e-13,0.9999977322212412,1e-13,0.9999969869520682,1e-13,1.000002618933973,1e-13,18.00001430413067,1e-13,18.00001482525623,1e-13,0.9999998737324308,1e-13,1.000777388477493,1e-13,0.9999987907309168,1e-13,0.9999988616403107,1e-13,3.267859456288962,1e-13,0.5121672004219623,1e-13,1.000013119247529,1e-13,0.9998752285042288,1e-13,0.99999697878025,1e-13,0.9998769417516629,1e-13,0.9998768756892253
1.445439770745928e-13,1.000040893681457,1.445439770745928e-13,0.9999581833312911,1.445439770745928e-13,0.875164329466724,1.445439770745928e-13,0.9999067795821971,1.445439770745928e-13,0.9999962910613711,1.445439770745928e-13,0.9999962391244548,1.445439770745928e-13,0.99999500317541,1.445439770745928e-13,1.000004293651697,1.445439770745928e-13,12.452973888167,1.445439770745928e-13,12.45297448606132,1.445439770745928e-13,0.9999997891013883,1.445439770745928e-13,1.001255833012992,1.445439770745928e-13,0.9999979756718075,1.445439770745928e-13,0.9999981110926263,1.445439770745928e-13,3.267856036656335,1.445439770745928e-13,0.5121757784511108,1.445439770745928e-13,1.000021043617612,1.445439770745928e-13,0.9999047208374684,1.445439770745928e-13,0.9999949896303567,1.445439770745928e-13,0.9998731516715977,1.445439770745928e-13,0.9998730420934852
2.08929613085404e-13,1.000042776731212,2.08929613085404e-13,0.9999553146442631,2.08929613085404e-13,0.8751360772079816,2.08929613085404e-13,0.9999326186626897,2.08929613085404e-13,0.9999923223776378,2.08929613085404e-13,0.9999922148721964,2.08929613085404e-13,0.9999896564231485,2.08929613085404e-13,1.000008741244806,2.08929613085404e-13,8.615365165229118,2.08929613085404e-13,8.615366021464913,2.08929613085404e-13,0.9999995589777357,2.08929613085404e-13,1.00250332220998,2.08929613085404e-13,0.9999957536788729,2.08929613085404e-13,0.9999960867592641,2.08929613085404e-13,3.267839540338386,2.08929613085404e-13,0.5121985223134946,2.08929613085404e-13,1.000041503517969,2.08929613085404e-13,0.9999817531380224,2.08929613085404e-13,0.9999896283878088,2.08929613085404e-13,0.9998627778901222,2.08929613085404e-13,0.9998625512912556
3.019951720402016e-13,1.000049526793915,3.019951720402016e-13,0.9999450862114279,3.019951720402016e-13,0.8750383760651234,3.019951720402016e-13,1.000023624880193,3.019951720402016e-13,0.999978299080358,3.019951720402016e-13,0.9999779952414787,3.019951720402016e-13,0.9999707637555462,3.019951720402016e-13,1.000024119851965,3.019951720402016e-13,5.960406147731375,3.019951720402016e-13,5.960407822051433,3.019951720402016e-13,0.9999987354731836,3.019951720402016e-13,1.006704255424733,3.019951720402016e-13,0.999987773906049,3.019951720402016e-13,0.9999889264887409,3.019951720402016e-13,3.267781243863522,3.019951720402016e-13,0.5122771929936002,3.019951720402016e-13,1.000109373526977,3.019951720402016e-13,1.000242377732699,3.019951720402016e-13,0.99997068445958,3.019951720402016e-13,0.9998252863772809,3.019951720402016e-13,0.9998246470043102
4.365158322401659e-13,1.000084751221697,4.365158322401659e-13,0.99989209797255,4.365158322401659e-13,0.874553211902495,4.365158322401659e-13,1.000487451386702,4.365158322401659e-13,0.9999059332598426,4.365158322401659e-13,0.9999046164040827,4.365158322401659e-13,0.9998732701723932,4.365158322401659e-13,1.000101000841446,4.365158322401659e-13,4.123699620168485,4.365158322401659e-13,4.123704641545041,4.365158322401659e-13,0.999994408918181,4.365158322401659e-13,1.026930054266818,4.365158322401659e-13,0.9999456500631789,4.365158322401659e-13,0.9999519223209999,4.365158322401659e-13,3.267480359742262,4.365158322401659e-13,0.5126681497365185,4.365158322401659e-13,1.000428558280404,4.365158322401659e-13,1.001495968942152,4.365158322401659e-13,0.9998729255937705,4.365158322401659e-13,0.9996277207519713,4.365158322401659e-13,0.9996249753445249
6.309573444801932e-13,1.000351489699677,6.309573444801932e-13,0.9994945163319966,6.309573444801932e-13,0.8711052031496372,6.309573444801932e-13,1.003899888534335,6.309573444801932e-13,0.9992873737924244,6.309573444801932e-13,0.9992774002052529,6.309573444801932e-13,0.9990399282856457,6.309573444801932e-13,1.000728600474524,6.309573444801932e-13,2.853530893979545,6.309573444801932e-13,2.853557235422583,6.309573444801932e-13,0.9999564999351518,6.309573444801932e-13,1.183620248667455,6.309573444801932e-13,0.9995743065146504,6.309573444801932e-13,0.9996349673931372,6.309573444801932e-13,3.264907900873464,6.309573444801932e-13,0.5154514307799958,6.309573444801932e-13,1.002810482171006,6.309573444801932e-13,1.010020835132592,6.309573444801932e-13,0.9990372956552649,6.309573444801932e-13,0.9981163037545319,6.309573444801932e-13,0.9980980612730239
9.120108393559097e-13,1.001915826158734,9.120108393559097e-13,0.9971831410271744,9.120108393559097e-13,0.8520767071881219,9.120108393559097e-13,1.02339770304038,9.120108393559097e-13,0.990439219916737,9.120108393559097e-13,0.9903054929014623,9.120108393559097e-13,0.9871194498086295,9.120108393559097e-13,1.009156891091048,9.120108393559097e-13,1.980467834573696,9.120108393559097e-13,1.980715791019414,9.120108393559097e-13,0.9993969389313404,9.120108393559097e-13,3.150033562634603,9.120108393559097e-13,0.9940517403561104,9.120108393559097e-13,0.9950888013132982,9.120108393559097e-13,3.228100992382569,9.120108393559097e-13,0.5305181492995854,9.120108393559097e-13,1.030988049402491,9.120108393559097e-13,1.054895551231608,9.120108393559097e-13,0.98708289551174,9.120108393559097e-13,0.9891820883226938,9.120108393559097e-13,0.9890752702129753
1.318256738556407e-12,1.005763281365593,1.318256738556407e-12,0.9915339334123711,1.318256738556407e-12,0.8072376833590195,1.318256738556407e-12,1.070524880472921,1.318256738556407e-12,0.9250455746769167,1.318256738556407e-12,0.9239984751800159,1.318256738556407e-12,0.8990192707383199,1.318256738556407e-12,1.067850604347328,1.318256738556407e-12,1.406711355181755,1.318256738556407e-12,1.408214970309726,1.318256738556407e-12,0.9951516479014856,1.318256738556407e-12,16.04155889600109,1.318256738556407e-12,0.9518349586630565,1.318256738556407e-12,0.961410000644112,1.318256738556407e-12,2.956112272110097,1.318256738556407e-12,0.5610964977065026,1.318256738556407e-12,1.203807390961509,1.318256738556407e-12,1.156577193858095,1.318256738556407e-12,0.8987069944009466,1.318256738556407e-12,0.9670982136733547,1.318256738556407e-12,0.9667768322206017
1.905460717963247e-12,1.011383058406799,1.905460717963247e-12,0.9833191703782186,1.905460717963247e-12,0.7435513608283788,1.905460717963247e-12,1.138587139968529,1.905460717963247e-12,0.8190501811657011,1.905460717963247e-12,0.8165255047215879,1.905460717963247e-12,0.7562188554322453,1.905460717963247e-12,1.159078820954863,1.905460717963247e-12,1.029902187227273,1.905460717963247e-12,1.033008648545455,1.905460717963247e-12,0.9881615304188877,1.905460717963247e-12,35.26519746875275,1.905460717963247e-12,0.8818412642386833,1.905460717963247e-12,0.9067380869600706,1.905460717963247e-12,2.515677134037476,1.905460717963247e-12,0.6043255173769919,1.905460717963247e-12,1.447410788092003,1.905460717963247e-12,1.296257832135841,1.905460717963247e-12,0.7553972247486727,1.905460717963247e-12,0.9347257307434368,1.905460717963247e-12,0.9340931755555127
2.754228703338166e-12,1.018053065114989,2.754228703338166e-12,0.9736042348388761,2.754228703338166e-12,0.6923487287885489,2.754228703338166e-12,1.218707777798544,2.754228703338166e-12,0.7169311766225086,2.754228703338166e-12,0.7129865288919086,2.754228703338166e-12,0.6186402190810832,2.754228703338166e-12,1.244133303317861,2.754228703338166e-12,0.7730864054280078,2.754228703338166e-12,0.7774436474107542,2.754228703338166e-12,0.9813586010164174,2.754228703338166e-12,52.61554122057947,2.754228703338166e-12,0.8132307562407243,2.754228703338166e-12,0.8540101180136859,2.754228703338166e-12,2.092172224289395,2.754228703338166e-12,0.663214643115131,2.754228703338166e-12,1.656184869721287,2.754228703338166e-12,1.453632202680019,2.754228703338166e-12,0.6172492654656528,2.754228703338166e-12,0.8961818099325461,2.754228703338166e-12,0.895180738380511
3.981071705534972e-12,1.025093962182394,3.981071705534972e-12,0.9633834013396403,3.981071705534972e-12,0.6796531388344826,3.981071705534972e-12,1.302712456578533,3.981071705534972e-12,0.6300425665014704,3.981071705534972e-12,0.6248938194812619,3.981071705534972e-12,0.5015798081250498,3.981071705534972e-12,1.314236206334444,3.981071705534972e-12,0.5965902628455558,3.981071705534972e-12,0.6018565671218746,3.981071705534972e-12,0.9755249416352176,3.981071705534972e-12,66.46142317931368,3.981071705534972e-12,0.7538802437984353,3.981071705534972e-12,0.8091058504881381,3.981071705534972e-12,1.732929431600417,3.981071705534972e-12,0.7375943241881483,3.981071705534972e-12,1.813240105954141,3.981071705534972e-12,1.611464472747774,3.981071705534972e-12,0.4996139857219201,3.981071705534972e-12,0.855358193451724,3.981071705534972e-12,0.8539674744855
5.754399373371568e-12,1.031901883631674,5.754399373371568e-12,0.953534953507032,5.754399373371568e-12,0.664524164564628,5.754399373371568e-12,1.383451586290512,5.754399373371568e-12,0.5607101834279984,5.754399373371568e-12,0.5546054226055877,5.754399373371568e-12,0.4081710926053186,5.754399373371568e-12,1.36817338890364,5.754399373371568e-12,0.4750098841277726,5.754399373371568e-12,0.4809251858324924,5.754399373371568e-12,0.9708389010102063,5.754399373371568e-12,76.70936046317436,5.754399373371568e-12,0.7056318862581188,5.754399373371568e-12,0.773242908077898,5.754399373371568e-12,1.44755640455696,5.754399373371568e-12,0.8249688984136929,5.754399373371568e-12,1.920354618044779,5.754399373371568e-12,1.755707697546541,5.754399373371568e-12,0.4056408695287741,5.754399373371568e-12,0.8157267438759855,5.754399373371568e-12,0.8139570110430001
8.317637711026709e-12,1.038036735622797,8.317637711026709e-12,0.9446943015284056,8.317637711026709e-12,0.6497452464298977,8.317637711026709e-12,1.455817734947301,8.317637711026709e-12,0.5077207373566865,8.317637711026709e-12,0.5008909867060756,8.317637711026709e-12,0.3367795372551701,8.317637711026709e-12,1.407541684667945,8.317637711026709e-12,0.3911690499539398,8.317637711026709e-12,0.3975443480769164,8.317637711026709e-12,0.967237999189816,8.317637711026709e-12,83.80488640002974,8.317637711026709e-12,0.6678999303669649,8.317637711026709e-12,0.7458081090987608,8.317637711026709e-12,1.230811693256563,8.317637711026709e-12,0.9203718609892578,8.317637711026709e-12,1.98522760287629,8.317637711026709e-12,1.877188527135808,8.317637711026709e-12,0.3336935077857613,8.317637711026709e-12,0.779826348520706,8.317637711026709e-12,0.7777109346048264
1.202264434617413e-11,1.043267783540767,1.202264434617413e-11,0.9371898938287614,1.202264434617413e-11,0.6371872121048778,1.202264434617413e-11,1.517245007128097,1.202264434617413e-11,0.4684240086542476,1.202264434617413e-11,0.4610633565834388,1.202264434617413e-11,0.2838347260250931,1.202264434617413e-11,1.434974618743182,1.202264434617413e-11,0.3333115861017785,1.202264434617413e-11,0.3400117029251923,1.202264434617413e-11,0.9645594282559607,1.202264434617413e-11,88.36917107146624,1.202264434617413e-11,0.6390696627897366,1.202264434617413e-11,0.7254428787116695,1.202264434617413e-11,1.07140365156635,1.202264434617413e-11,1.017042666934498,1.202264434617413e-11,2.017010410061388,1.202264434617413e-11,1.972142308029016,1.202264434617413e-11,0.2801897243668136,1.202264434617413e-11,0.7489934602327899,1.202264434617413e-11,0.7465769765900423
1.737800828749375e-11,1.047550252316013,1.737800828749375e-11,0.9310794422690946,1.737800828749375e-11,0.6273342807444939,1.737800828749375e-11,1.567389803188639,1.737800828749375e-11,0.4398839636959126,1.737800828749375e-11,0.4321457727307662,1.737800828749375e-11,0.2453811803934973,1.737800828749375e-11,1.453201083498194,1.737800828749375e-11,0.2933570078420091,1.737800828749375e-11,0.3002859654725905,1.737800828749375e-11,0.9626178803810636,1.737800828749375e-11,91.01222722276788,1.737800828749375e-11,0.6172754702783877,1.737800828749375e-11,0.7106382575594503,1.737800828749375e-11,0.9568402921418712,1.737800828749375e-11,1.108039173026147,1.737800828749375e-11,2.024127094052746,1.737800828749375e-11,2.041153980100691,1.737800828749375e-11,0.2411572336171341,1.737800828749375e-11,0.723490144993245,1.737800828749375e-11,0.7208183807239936
2.511886431509579e-11,1.050962219785908,2.511886431509579e-11,0.9262430814090896,2.511886431509579e-11,0.6200477162849251,2.511886431509579e-11,1.607355213639102,2.511886431509579e-11,0.4194449935497966,2.511886431509579e-11,0.4114460027048138,2.511886431509579e-11,0.2178412249631924,2.511886431509579e-11,1.464608659946827,2.511886431509579e-11,0.2657404721328884,2.511886431509579e-11,0.2728303834177991,2.511886431509579e-11,0.9612445572736174,2.511886431509579e-11,92.25174249546902,2.511886431509579e-11,0.600794230176628,2.511886431509579e-11,0.7000281392469665,2.511886431509579e-11,0.8758371225888653,2.511886431509579e-11,1.187988801061836,2.511886431509579e-11,2.013439315236536,2.511886431509579e-11,2.087371441584811,2.511886431509579e-11,0.21299946949656,2.511886431509579e-11,0.7028635063701804,2.511886431509579e-11,0.6999767465279521
3.630780547701012e-11,1.053639777602194,3.630780547701012e-11,0.9224781745089978,3.630780547701012e-11,0.614934804920467,3.630780547701012e-11,1.638912026000845,3.630780547701012e-11,0.4049356634657271,3.630780547701012e-11,0.3967629271505498,3.630780547701012e-11,0.1982895030547685,3.630780547701012e-11,1.471107418118216,3.630780547701012e-11,0.2466254426400806,3.630780547701012e-11,0.2538283899567372,3.630780547701012e-11,0.9603018506040043,3.630780547701012e-11,92.49244803624256,3.630780547701012e-11,0.5881950993030068,3.630780547701012e-11,0.6924952474790383,3.630780547701012e-11,0.8191962777565019,3.630780547701012e-11,1.25407179951462,3.630780547701012e-11,1.990134607186511,3.630780547701012e-11,2.114883480616065,3.630780547701012e-11,0.1927715092244968,3.630780547701012e-11,0.6863175547283562,3.630780547701012e-11,0.683247371364031
5.248074602497723e-11,1.055730460860345,5.248074602497723e-11,0.9195669346131295,5.248074602497723e-11,0.6115519392122025,5.248074602497723e-11,1.66394845990953,5.248074602497723e-11,0.3946816849332365,5.248074602497723e-11,0.3863996869083684,5.248074602497723e-11,0.1844704791206658,5.248074602497723e-11,1.474146752949316,5.248074602497723e-11,0.2333647879948409,5.248074602497723e-11,0.2406469803001539,5.248074602497723e-11,0.959685025945153,5.248074602497723e-11,92.03525594772888,5.248074602497723e-11,0.5783592005329217,5.248074602497723e-11,0.6871784254637553,5.248074602497723e-11,0.7798685944311046,5.248074602497723e-11,1.305941868314185,5.248074602497723e-11,1.957950854007594,5.248074602497723e-11,2.127666286482064,5.248074602497723e-11,0.1781982506499462,5.248074602497723e-11,0.672981664335736,5.248074602497723e-11,0.6697501868557919
7.585775750291833e-11,1.057367732502695,7.585775750291833e-11,0.9173131786979816,7.585775750291833e-11,0.6094984561870499,7.585775750291833e-11,1.684174755322129,7.585775750291833e-11,0.3874381578564575,7.585775750291833e-11,0.3790949817504923,7.585775750291833e-11,0.1747071881921906,7.585775750291833e-11,1.474791249074901,7.585775750291833e-11,0.2241307306970558,7.585775750291833e-11,0.2314683378531087,7.585775750291833e-11,0.9593182462724534,7.585775750291833e-11,91.09667722282225,7.585775750291833e-11,0.5704419324875482,7.585775750291833e-11,0.6834380373487201,7.585775750291833e-11,0.7526622777131731,7.585775750291833e-11,1.344957538992421,7.585775750291833e-11,1.919492362098114,7.585775750291833e-11,2.129076264692208,7.585775750291833e-11,0.1675834689654372,7.585775750291833e-11,0.662058436908476,7.585775750291833e-11,0.6586789710725267
1.096478196143184e-10,1.058660985209759,1.096478196143184e-10,0.915556493937532,1.096478196143184e-10,0.6084501186413905,1.096478196143184e-10,1.701012282642078,1.096478196143184e-10,0.3823004715932564,1.096478196143184e-10,0.3739327370298603,1.096478196143184e-10,0.1677812457424315,1.096478196143184e-10,1.473807563375491,1.096478196143184e-10,0.2176601577083927,1.096478196143184e-10,0.2250363524901035,1.096478196143184e-10,0.9591489357538572,1.096478196143184e-10,89.82911310919356,1.096478196143184e-10,0.5638183434884433,1.096478196143184e-10,0.6808101756790406,1.096478196143184e-10,0.7338540730890861,1.096478196143184e-10,1.373285416899807,1.096478196143184e-10,1.876530502739739,1.096478196143184e-10,2.121708704480749,1.096478196143184e-10,0.1596900973285971,1.096478196143184e-10,0.6528823080056479,1.096478196143184e-10,0.6493604819328013
1.584893192461112e-10,1.05969446851633,1.584893192461112e-10,0.9141735054509493,1.584893192461112e-10,0.6081616446933894,1.584893192461112e-10,1.715586626540062,1.584893192461112e-10,0.3786206574622448,1.584893192461112e-10,0.3702573030895678,1.584893192461112e-10,0.1628202175347708,1.584893192461112e-10,1.47174179965162,1.584893192461112e-10,0.2130792117035777,1.584893192461112e-10,0.2204820743350288,1.584893192461112e-10,0.9591423014873379,1.584893192461112e-10,88.33825845297397,1.584893192461112e-10,0.558030305287142,1.584893192461112e-10,0.6789635353903322,1.584893192461112e-10,0.7208219292866698,1.584893192461112e-10,1.393224072970919,1.584893192461112e-10,1.830251271604459,1.584893192461112e-10,2.107446780033251,1.584893192461112e-10,0.1536280263806592,1.584893192461112e-10,0.6449267064346362,1.584893192461112e-10,0.6412616835842008
2.290867652767771e-10,1.060530315744886,2.290867652767771e-10,0.9130732889612283,2.290867652767771e-10,0.6084562014867907,2.290867652767771e-10,1.72876641018501,2.290867652767771e-10,0.3759384859609666,2.290867652767771e-10,0.3676036082147482,2.290867652767771e-10,0.1592048736885007,2.290867652767771e-10,1.468981191148103,2.290867652767771e-10,0.2097824061877564,2.290867652767771e-10,0.2172034394362713,2.290867652767771e-10,0.9592766361475893,2.290867652767771e-10,86.69672243414625,2.290867652767771e-10,0.5527424253847235,2.290867652767771e-10,0.6776637634748961,2.290867652767771e-10,0.7117420449448861,2.290867652767771e-10,1.406828733183673,2.290867652767771e-10,1.781445765329607,2.290867652767771e-10,2.087584543817122,2.290867652767771e-10,0.1487620660283731,2.290867652767771e-10,0.6377876655136886,2.290867652767771e-10,0.6339732306318833
3.311311214825908e-10,1.061212886131437,3.311311214825908e-10,0.9121909726539322,3.311311214825908e-10,0.6092112538488,3.311311214825908e-10,1.741214264131358,3.311311214825908e-10,0.3739284288188705,3.311311214825908e-10,0.3656433985711332,3.311311214825908e-10,0.1564978396026413,3.311311214825908e-10,1.465800249151579,3.311311214825908e-10,0.2073493491215521,3.311311214825908e-10,0.2147824237473063,3.311311214825908e-10,0.9595394459079346,3.311311214825908e-10,84.95417504957445,3.311311214825908e-10,0.54770799755871,3.311311214825908e-10,0.6767458531128646,3.311311214825908e-10,0.7053563104847166,3.311311214825908e-10,1.415769593286506,3.311311214825908e-10,1.730652178907516,3.311311214825908e-10,2.062962514959382,3.311311214825908e-10,0.1446416437652509,3.311311214825908e-10,0.6311601752563266,3.311311214825908e-10,0.627185657029988
4.786300923226379e-10,1.061773100766465,4.786300923226379e-10,0.9114814387276318,4.786300923226379e-10,0.6103449029615735,4.786300923226379e-10,1.75343354604891,4.786300923226379e-10,0.3723604484530063,4.786300923226379e-10,0.3641454967097607,4.786300923226379e-10,0.154390900422735,4.786300923226379e-10,1.462393731664476,4.786300923226379e-10,0.2054874299930388,4.786300923226379e-10,0.2129280316280189,4.786300923226379e-10,0.9599242027771491,4.786300923226379e-10,83.14470018092382,4.786300923226379e-10,0.5427440264480211,4.786300923226379e-10,0.676093500663846,4.786300923226379e-10,0.7008012063614357,4.786300923226379e-10,1.4213263399056,4.786300923226379e-10,1.678260573639797,4.786300923226379e-10,2.034090042007485,4.786300923226379e-10,0.1409495015232059,4.786300923226379e-10,0.6248152225878144,4.786300923226379e-10,0.6206662980899403
6.918309709189358e-10,1.06223230185053,6.918309709189358e-10,0.9109138021387314,6.918309709189358e-10,0.6118040229837435,6.918309709189358e-10,1.765804041937445,6.918309709189358e-10,0.3710717797343014,6.918309709189358e-10,0.362947201095511,6.918309709189358e-10,0.1526671365447503,6.918309709189358e-10,1.458899101667138,6.918309709189358e-10,0.2039924729361753,6.918309709189358e-10,0.211437158727168,6.918309709189358e-10,0.9604274353229099,6.918309709189358e-10,81.29204625619212,6.918309709189358e-10,0.5377137074059823,6.918309709189358e-10,0.6756239150925709,6.918309709189358e-10,0.6974851871436499,6.918309709189358e-10,1.4244438192838,6.918309709189358e-10,1.624590153733706,6.918309709189358e-10,2.001247457188678,6.918309709189358e-10,0.1374654990523165,6.918309709189358e-10,0.6185806324058797,6.918309709189358e-10,0.6142400960345774
9.99999999999999e-10,1.06260559273002,9.99999999999999e-10,0.9104667274890162,9.99999999999999e-10,0.6135541470027602,9.99999999999999e-10,1.778604345140541,9.99999999999999e-10,0.3699470445247637,9.99999999999999e-10,0.361934126626945,9.99999999999999e-10,0.1511742955869016,9.99999999999999e-10,1.45541074707091,9.99999999999999e-10,0.2027218542200123,9.99999999999999e-10,0.2101678544679362,9.99999999999999e-10,0.9610458620087944,9.99999999999999e-10,79.41334569857456,9.99999999999999e-10,0.5325147591925882,9.99999999999999e-10,0.6752766511894912,9.99999999999999e-10,0.6950021916730704,9.99999999999999e-10,1.425804946538139,9.99999999999999e-10,1.569945890076796,9.99999999999999e-10,1.964569309094032,9.99999999999999e-10,0.1340417557669722,9.99999999999999e-10,0.6123264092162188,9.99999999999999e-10,0.6077750038953023
1.445439770745926e-09,1.062904797491493,1.445439770745926e-09,0.9101243829903071,1.445439770745926e-09,0.6155704743421264,1.445439770745926e-09,1.792020163913486,1.445439770745926e-09,0.368904519533015,1.445439770745926e-09,0.3610262720715001,1.445439770745926e-09,0.1498064388932921,1.445439770745926e-09,1.451987690705663,1.445439770745926e-09,0.2015762842773855,1.445439770745926e-09,0.2090212039169278,1.445439770745926e-09,0.9617733112432818,1.445439770745926e-09,77.52172580635816,1.445439770745926e-09,0.5270722234766438,1.445439770745926e-09,0.6750052961590841,1.445439770745926e-09,0.6930711571305795,1.445439770745926e-09,1.425900040589165,1.445439770745926e-09,1.514658165244936,1.445439770745926e-09,1.924112539728352,1.445439770745926e-09,0.1305858626008623,1.445439770745926e-09,0.605954242206252,1.445439770745926e-09,0.6011716528609535
2.089296130854037e-09,1.063141221610231,2.089296130854037e-09,0.9098727602915579,2.089296130854037e-09,0.6178291685071524,2.089296130854037e-09,1.806138007395709,2.089296130854037e-09,0.3678868705458426,2.089296130854037e-09,0.3601685979493147,2.089296130854037e-09,0.1484915435838818,2.089296130854037e-09,1.44865612085563,2.089296130854037e-09,0.2004876077606544,2.089296130854037e-09,0.2079291977059531,2.089296130854037e-09,0.9625972807843821,2.089296130854037e-09,75.62809417828819,2.089296130854037e-09,0.5213345410372713,2.089296130854037e-09,0.6747711448581217,2.089296130854037e-09,0.6914938500306703,2.089296130854037e-09,1.425084958512282,2.089296130854037e-09,1.459106114945248,2.089296130854037e-09,1.879913305721835,2.089296130854037e-09,0.1270493958720808,2.089296130854037e-09,0.5993904780582011,2.089296130854037e-09,0.5943565775058095
3.019951720402013e-09,1.063328343365126,3.019951720402013e-09,0.9096961386741717,3.019951720402013e-09,0.6202981086366725,3.019951720402013e-09,1.820923632851077,3.019951720402013e-09,0.3668550565360807,3.019951720402013e-09,0.3593247899622889,3.019951720402013e-09,0.1471832419392204,3.019951720402013e-09,1.445408036510059,3.019951720402013e-09,0.1994107205796178,3.019951720402013e-09,0.2068467015648653,3.019951720402013e-09,0.9634952258629249,3.019951720402013e-09,73.74226370268583,3.019951720402013e-09,0.5152717988387809,3.019951720402013e-09,0.6745383300766266,3.019951720402013e-09,0.6901255124278285,3.019951720402013e-09,1.423626547199252,3.019951720402013e-09,1.403722810479794,3.019951720402013e-09,1.832034816331599,3.019951720402013e-09,0.1234193634829844,3.019951720402013e-09,0.5925817906879294,3.019951720402013e-09,0.5872781995672194
4.365158322401655e-09,1.06348441420703,4.365158322401655e-09,0.9095736383798869,4.365158322401655e-09,0.6229264238073828,4.365158322401655e-09,1.836185318158757,4.365158322401655e-09,0.3657843603376568,4.365158322401655e-09,0.3584731297113008,4.365158322401655e-09,0.1458551985419558,4.365158322401655e-09,1.442197859290549,4.365158322401655e-09,0.1983181653291703,4.365158322401655e-09,0.2057460989906378,4.365158322401655e-09,0.964431123304595,4.365158322401655e-09,71.87349198056917,4.365158322401655e-09,0.5088750044570711,4.365158322401655e-09,0.6742702630456323,4.365158322401655e-09,0.6888546555134163,4.365158322401655e-09,1.421735764894534,4.365158322401655e-09,1.348978857988533,4.365158322401655e-09,1.780606956653416,4.365158322401655e-09,0.1197105537629533,4.365158322401655e-09,0.5854927919280052,4.365158322401655e-09,0.5799047545471508
6.309573444801925e-09,1.063634656415597,6.309573444801925e-09,0.9094761355575199,6.309573444801925e-09,0.6256325792073747,6.309573444801925e-09,1.851524750763222,6.309573444801925e-09,0.3646616288902557,6.309573444801925e-09,0.3576035018313956,6.309573444801925e-09,0.1444967924887631,6.309573444801925e-09,1.438940246227279,6.309573444801925e-09,0.1971962223079182,6.309573444801925e-09,0.2046134367635092,6.309573444801925e-09,0.9653536226949454,6.309573444801925e-09,70.03046275489085,6.309573444801925e-09,0.5021551691590933,6.309573444801925e-09,0.6739277308607167,6.309573444801925e-09,0.6875898969930432,6.309573444801925e-09,1.419588491579078,6.309573444801925e-09,1.295341369064,6.309573444801925e-09,1.725857229352362,6.309573444801925e-09,0.115957177518238,6.309573444801925e-09,0.5781048677394228,6.309573444801925e-09,0.5722233383718985
9.120108393559085e-09,1.063812277710707,9.120108393559085e-09,0.9093643599073362,9.120108393559085e-09,0.6282916895619384,9.120108393559085e-09,1.866284799938942,9.120108393559085e-09,0.3634828664879676,9.120108393559085e-09,0.3567145934469328,9.120108393559085e-09,0.1431088943755353,9.120108393559085e-09,1.435514529784915,9.120108393559085e-09,0.1960414894290866,9.120108393559085e-09,0.2034450795006145,9.120108393559085e-09,0.9661981135820737,9.120108393559085e-09,68.22076014665117,9.120108393559085e-09,0.4951410772515829,9.120108393559085e-09,0.6734695788764561,9.120108393559085e-09,0.6862530982155258,9.120108393559085e-09,1.417332824881304,9.120108393559085e-09,1.243209055776574,9.120108393559085e-09,1.668132321855375,9.120108393559085e-09,0.1122028847753471,9.120108393559085e-09,0.5704156243034174,9.120108393559085e-09,0.5642392901333685
1.318256738556405e-08,1.064056909456836,1.318256738556405e-08,0.90918975524909,1.318256738556405e-08,0.6307242980302018,1.318256738556405e-08,1.879515167436352,1.318256738556405e-08,0.3622504542213036,1.318256738556405e-08,0.3558104338701576,1.318256738556405e-08,0.1416988097071767,1.318256738556405e-08,1.431783393959076,1.318256738556405e-08,0.1948571939929855,1.318256738556405e-08,0.2022441263534589,1.318256738556405e-08,0.9668958701397938,1.318256738556405e-08,66.45001198641103,1.318256738556405e-08,0.4878752047408009,1.318256738556405e-08,0.6728573800232227,1.318256738556405e-08,0.6847790777392008,1.318256738556405e-08,1.415081162750073,1.318256738556405e-08,1.192832783310349,1.318256738556405e-08,1.60791093412663,1.318256738556405e-08,0.1084893611064322,1.318256738556405e-08,0.5624385972915429,1.318256738556405e-08,0.5559753407046135
1.905460717963245e-08,1.064408573111844,1.905460717963245e-08,0.9089004021312898,1.905460717963245e-08,0.6326909952193333,1.905460717963245e-08,1.88999302603717,1.905460717963245e-08,0.3609696591964775,1.905460717963245e-08,0.3548958127267797,1.905460717963245e-08,0.140274150238931,1.905460717963245e-08,1.427633265062779,1.905460717963245e-08,0.1936489879422566,1.905460717963245e-08,0.2010163419299803,1.905460717963245e-08,0.9673930106113282,1.905460717963245e-08,64.72109878350624,1.905460717963245e-08,0.4804085317911086,1.905460717963245e-08,0.6720653452052159,1.905460717963245e-08,0.6831224128816304,1.905460717963245e-08,1.412887518182387,1.905460717963245e-08,1.144243538471734,1.905460717963245e-08,1.545811321343567,1.905460717963245e-08,0.1048452114061481,1.905460717963245e-08,0.5542034342396579,1.905460717963245e-08,0.547470511485851
2.754228703338163e-08,1.064895517518943,2.754228703338163e-08,0.9084542838330603,2.754228703338163e-08,0.6338991317766731,2.754228703338163e-08,1.896348974588804,2.754228703338163e-08,0.3596448482927467,2.754228703338163e-08,0.3539709810009793,2.754228703338163e-08,0.1388365578279847,2.754228703338163e-08,1.423037978795283,2.754228703338163e-08,0.1924207776814875,2.754228703338163e-08,0.1997661334475683,2.754228703338163e-08,0.9676789040246393,2.754228703338163e-08,63.03402411829251,2.754228703338163e-08,0.4727965890518127,2.754228703338163e-08,0.6710952344950897,2.754228703338163e-08,0.6812705957401107,2.754228703338163e-08,1.410716979338478,2.754228703338163e-08,1.097220658898422,2.754228703338163e-08,1.482599767507697,2.754228703338163e-08,0.1012781960696276,2.754228703338163e-08,0.5457575399922442,2.754228703338163e-08,0.5387796541965727
3.981071705534967e-08,1.065516128502237,3.981071705534967e-08,0.9078403472832928,3.981071705534967e-08,0.6340275806545635,3.981071705534967e-08,1.897342360676713,3.981071705534967e-08,0.3582766678143273,3.981071705534967e-08,0.3530271759999002,3.981071705534967e-08,0.137377373204685,3.981071705534967e-08,1.418133961939988,3.981071705534967e-08,0.1911718934974973,3.981071705534967e-08,0.1984938350430382,3.981071705534967e-08,0.967817562884973,3.981071705534967e-08,61.38697887479321,3.981071705534967e-08,0.4650996704227072,3.981071705534967e-08,0.6699929526165936,3.981071705534967e-08,0.6792598653978383,3.981071705534967e-08,1.408423641265101,3.981071705534967e-08,1.051330972082205,3.981071705534967e-08,1.419205502629618,3.981071705534967e-08,0.09777405137209538,3.981071705534967e-08,0.537170650567074,3.981071705534967e-08,0.5299753161758444
5.754399373371561e-08,1.066218903360116,5.754399373371561e-08,0.9071035830842195,5.754399373371561e-08,0.6327708028548115,5.754399373371561e-08,1.892285402354152,5.754399373371561e-08,0.3568616816778373,5.754399373371561e-08,0.3520451209889646,5.754399373371561e-08,0.1358775016261543,5.754399373371561e-08,1.413279731845296,5.754399373371561e-08,0.1898969357714157,5.754399373371561e-08,0.197195577654274,5.754399373371561e-08,0.967969349049273,5.754399373371561e-08,59.77861260776618,5.754399373371561e-08,0.4573882421834894,5.754399373371561e-08,0.6688601923644423,5.754399373371561e-08,0.6771867385776408,5.754399373371561e-08,1.405758741020006,5.754399373371561e-08,1.006045104672133,5.754399373371561e-08,1.356740112047737,5.754399373371561e-08,0.09430320526716726,5.754399373371561e-08,0.5285429786231086,5.754399373371561e-08,0.5211532498635991
8.317637711026698e-08,1.066888613257155,8.317637711026698e-08,0.9063652318443418,8.317637711026698e-08,0.6298944676144028,8.317637711026698e-08,1.881535466494118,8.317637711026698e-08,0.3553949957428333,8.317637711026698e-08,0.3509978560841954,8.317637711026698e-08,0.1343121822970771,8.317637711026698e-08,1.409067553650018,8.317637711026698e-08,0.1885885589489665,8.317637711026698e-08,0.1958659620816975,8.317637711026698e-08,0.9683895922908298,8.317637711026698e-08,58.21072900447457,8.317637711026698e-08,0.4497505512671266,8.317637711026698e-08,0.6678537929479348,8.317637711026698e-08,0.6752075009635292,8.317637711026698e-08,1.402422692834523,8.317637711026698e-08,0.9608980713405482,8.317637711026698e-08,1.296507047371779,8.317637711026698e-08,0.09083320680528167,8.317637711026698e-08,0.5200148737809616,8.317637711026698e-08,0.5124405180341648
1.202264434617411e-07,1.06734766368459,1.202264434617411e-07,0.9058272431195871,1.202264434617411e-07,0.6252865387214773,1.202264434617411e-07,1.866906676338757,1.202264434617411e-07,0.3538746887475609,1.202264434617411e-07,0.3498572214746599,1.202264434617411e-07,0.1326588845402845,1.202264434617411e-07,1.406269639968855,1.202264434617411e-07,0.1872418928609688,1.202264434617411e-07,0.1945022389523823,1.202264434617411e-07,0.9693985966121925,1.202264434617411e-07,56.69014334745119,1.202264434617411e-07,0.442296422129216,1.202264434617411e-07,0.6671692916254748,1.202264434617411e-07,0.6735216582429192,1.202264434617411e-07,1.398152169131014,1.202264434617411e-07,0.9156340426439182,1.202264434617411e-07,1.239979300568529,1.202264434617411e-07,0.08734189951511001,1.202264434617411e-07,0.5117726538889673,1.202264434617411e-07,0.5040017086012881
1.737800828749373e-07,1.067376750534514,1.737800828749373e-07,0.9057546600089563,1.737800828749373e-07,0.6189874299109772,1.737800828749373e-07,1.851863899947118,1.737800828749373e-07,0.3523058129498335,1.737800828749373e-07,0.3486015186447789,1.737800828749373e-07,0.1309050534276356,1.737800828749373e-07,1.405727872083187,1.737800828749373e-07,0.1858585331423913,1.737800828749373e-07,0.1931079838970949,1.737800828749373e-07,0.9713295878425506,1.737800828749373e-07,55.22874309546313,1.737800828749373e-07,0.4351523527029405,1.737800828749373e-07,0.667011568584386,1.737800828749373e-07,0.6723417944358967,1.737800828749373e-07,1.392810750740387,1.737800828749373e-07,0.8702830391349858,1.737800828749373e-07,1.188731260818992,1.737800828749373e-07,0.0838264627604258,1.737800828749373e-07,0.5040444531311039,1.737800828749373e-07,0.4960372442920676
2.511886431509576e-07,1.066750452116765,2.511886431509576e-07,0.90643882494087,2.511886431509576e-07,0.6111924867659601,2.511886431509576e-07,1.84146911036454,2.511886431509576e-07,0.3507022094934761,2.511886431509576e-07,0.3472217009465097,2.511886431509576e-07,0.1290530361855043,2.511886431509576e-07,1.408215116602497,2.511886431509576e-07,0.1844486360949811,2.511886431509576e-07,0.191694882452933,2.511886431509576e-07,0.9744687132836944,2.511886431509576e-07,53.84164986337039,2.511886431509576e-07,0.4284476056007727,2.511886431509576e-07,0.6675600155644108,2.511886431509576e-07,0.6718570353733139,2.511886431509576e-07,1.38644808909562,2.511886431509576e-07,0.8251539549099854,2.511886431509576e-07,1.144331391221056,2.511886431509576e-07,0.08030618637282701,2.511886431509576e-07,0.4970833871405275,2.511886431509576e-07,0.4887703774590258
3.630780547701007e-07,1.065277355065113,3.630780547701007e-07,0.9081516326764885,3.630780547701007e-07,0.602232418424951,3.630780547701007e-07,1.84217663985112,3.630780547701007e-07,0.3490858289792919,3.630780547701007e-07,0.3457247334084915,3.630780547701007e-07,0.1271214250288727,3.630780547701007e-07,1.414296071830604,3.630780547701007e-07,0.183030922643807,3.630780547701007e-07,0.1902824920767286,3.630780547701007e-07,0.9790000713195569,3.630780547701007e-07,52.54410083844218,3.630780547701007e-07,0.4222952128424174,3.630780547701007e-07,0.6689357031028311,3.630780547701007e-07,0.6721977211495423,3.630780547701007e-07,1.37931126157395,3.630780547701007e-07,0.7807647692541017,3.630780547701007e-07,1.108217806945671,3.630780547701007e-07,0.07681991256830414,3.630780547701007e-07,0.491140846977801,3.630780547701007e-07,0.4824246080999703
5.248074602497717e-07,1.062834413597331,5.248074602497717e-07,0.9111017679276395,5.248074602497717e-07,0.592543137657612,5.248074602497717e-07,1.861617383212375,5.248074602497717e-07,0.3474844024516208,5.248074602497717e-07,0.3441342237894477,5.248074602497717e-07,0.1251436171392463,5.248074602497717e-07,1.424202605555449,5.248074602497717e-07,0.1816312505643302,5.248074602497717e-07,0.1888966676333549,5.248074602497717e-07,0.984962592580929,5.248074602497717e-07,51.34782526746245,5.248074602497717e-07,0.4167729196657107,5.248074602497717e-07,0.671175055849359,5.248074602497717e-07,0.6734062099517398,5.248074602497717e-07,1.371816479197305,5.248074602497717e-07,0.7377453511929644,5.248074602497717e-07,1.081574249785384,5.248074602497717e-07,0.07342053745826356,5.248074602497717e-07,0.4864360766842077,5.248074602497717e-07,0.477196908091364
7.585775750291824e-07,1.059389741774777,7.585775750291824e-07,0.9153994224396991,7.585775750291824e-07,0.5826336817286938,7.585775750291824e-07,1.90842585590901,7.585775750291824e-07,0.345928521322706,7.585775750291824e-07,0.3424890706983637,7.585775750291824e-07,0.1231647889834439,7.585775750291824e-07,1.437728012864295,7.585775750291824e-07,0.180280427532278,7.585775750291824e-07,0.1875673199345759,7.585775750291824e-07,0.9922208281963758,7.585775750291824e-07,50.25742588094462,7.585775750291824e-07,0.4119075625238499,7.585775750291824e-07,0.6742118579195725,7.585775750291824e-07,0.6754160376136079,7.585775750291824e-07,1.364501144479288,7.585775750291824e-07,0.6967414977480473,7.585775750291824e-07,1.065202693503181,7.585775750291824e-07,0.07016866625102966,7.585775750291824e-07,0.4831275671463766,7.585775750291824e-07,0.4732321061702175
1.096478196143183e-06,1.055012651012518,1.096478196143183e-06,0.9210313279846787,1.096478196143183e-06,0.5730541976670748,1.096478196143183e-06,1.99195639880224,1.096478196143183e-06,0.344448683364651,1.096478196143183e-06,0.340840647944094,1.096478196143183e-06,0.1212379850994149,1.096478196143183e-06,1.454147024617452,1.096478196143183e-06,0.1790113898207883,1.096478196143183e-06,0.1863256143122141,1.096478196143183e-06,1.000451703368408,1.096478196143183e-06,49.26699568027717,1.096478196143183e-06,0.4076643645640347,1.096478196143183e-06,0.6778689981321436,1.096478196143183e-06,0.6780409025612116,1.096478196143183e-06,1.357972065030306,1.096478196143183e-06,0.6583339039314232,1.096478196143183e-06,1.059368110619773,1.096478196143183e-06,0.06712643561556805,1.096478196143183e-06,0.4812890401587203,1.096478196143183e-06,0.470601416164303
1.58489319246111e-06,1.049871871548582,1.58489319246111e-06,0.9278465318226395,1.58489319246111e-06,0.5643603196977515,1.58489319246111e-06,2.121425561335436,1.58489319246111e-06,0.3430722284757594,1.58489319246111e-06,0.3392484791475214,1.58489319246111e-06,0.1194193336370865,1.58489319246111e-06,1.472183816085753,1.58489319246111e-06,0.1778552783422004,1.58489319246111e-06,0.1852001207080188,1.58489319246111e-06,1.009152978232456,1.58489319246111e-06,48.35723055210948,1.58489319246111e-06,0.4039417796621283,1.58489319246111e-06,0.6818629136055379,1.58489319246111e-06,0.680975889190639,1.58489319246111e-06,1.352855067579898,1.58489319246111e-06,0.6229740234875731,1.58489319246111e-06,1.063590053459552,1.58489319246111e-06,0.06435158006135994,1.58489319246111e-06,0.4808908391493363,1.58489319246111e-06,0.4692860660200677
2.290867652767769e-06,1.0442226822867,2.290867652767769e-06,0.9355553394613616,2.290867652767769e-06,0.5570673837713775,2.290867652767769e-06,2.303696693670391,2.290867652767769e-06,0.3418198262264391,2.290867652767769e-06,0.3377740677654223,2.290867652767769e-06,0.1177621080291042,2.290867652767769e-06,1.490068080394492,2.290867652767769e-06,0.1768358236421491,2.290867652767769e-06,0.18421131408742,2.290867652767769e-06,1.017682251251669,2.290867652767769e-06,47.49373154085308,2.290867652767769e-06,0.4005732316294308,2.290867652767769e-06,0.6858251413721858,2.290867652767769e-06,0.6838138159855296,2.290867652767769e-06,1.349744751825488,2.290867652767769e-06,0.5909351171192317,2.290867652767769e-06,1.076390906389869,2.290867652767769e-06,0.06189148274974515,2.290867652767769e-06,0.4817880171026302,2.290867652767769e-06,0.469166972655066
3.311311214825905e-06,1.038382693122736,3.311311214825905e-06,0.9437470003327313,3.311311214825905e-06,0.5515881377155869,3.311311214825905e-06,2.539006871231468,3.311311214825905e-06,0.3407016178159509,3.311311214825905e-06,0.3364730226460887,3.311311214825905e-06,0.1163098261278181,3.311311214825905e-06,1.505718950435112,3.311311214825905e-06,0.1759623910424372,3.311311214825905e-06,0.1833647873548278,3.311311214825905e-06,1.025332085617533,3.311311214825905e-06,46.62781571728996,3.311311214825905e-06,0.3973387970228768,3.311311214825905e-06,0.6893438732267898,3.311311214825905e-06,0.6860760118250554,3.311311214825905e-06,1.349154321886829,3.311311214825905e-06,0.5622816134811958,3.311311214825905e-06,1.095088812174837,3.311311214825905e-06,0.05977739343435961,3.311311214825905e-06,0.4837190998747621,3.311311214825905e-06,0.4700234238469911
4.786300923226374e-06,1.032696012241339,4.786300923226374e-06,0.9519325263054408,4.786300923226374e-06,0.5481529992695601,4.786300923226374e-06,2.815343442707343,4.786300923226374e-06,0.3397143142131451,4.786300923226374e-06,0.3353870605177523,4.786300923226374e-06,0.1150899233012011,4.786300923226374e-06,1.517055515974321,4.786300923226374e-06,0.1752243974648803,4.786300923226374e-06,0.1826459437673868,4.786300923226374e-06,1.031432883110323,4.786300923226374e-06,45.70130531802134,4.786300923226374e-06,0.3939909732730751,4.786300923226374e-06,0.6920216606042533,4.786300923226374e-06,0.6872443178748405,4.786300923226374e-06,1.351472375600256,4.786300923226374e-06,0.5368702941708304,4.786300923226374e-06,1.115817071499831,4.786300923226374e-06,0.05802024881449535,4.786300923226374e-06,0.4863226652054948,4.786300923226374e-06,0.4715464745101544
6.918309709189351e-06,1.02748787820292,6.918309709189351e-06,0.9596138636594909,6.918309709189351e-06,0.5467268691059552,6.918309709189351e-06,3.105219517615168,6.918309709189351e-06,0.3388418228460747,6.918309709189351e-06,0.3345392731413421,6.918309709189351e-06,0.1141111382202281,6.918309709189351e-06,1.522351183031214,6.918309709189351e-06,0.1745922863067288,6.918309709189351e-06,0.1820214321053333,6.918309709189351e-06,1.035453554768708,6.918309709189351e-06,44.65544315193299,6.918309709189351e-06,0.39029622886221,6.918309709189351e-06,0.6935345168438991,6.918309709189351e-06,0.6867495163989821,6.918309709189351e-06,1.356944965902837,6.918309709189351e-06,0.5144033768082255,6.918309709189351e-06,1.133970955485354,6.918309709189351e-06,0.05661101690116744,6.918309709189351e-06,0.4891794851952298,6.918309709189351e-06,0.47337384265962
1e-05,1.023016973174107,1e-05,0.9663681455980335,1e-05,0.5469610613754881,1e-05,3.370185024014978,1e-05,0.3380615767787726,1e-05,0.3339362957383463,1e-05,0.1133677611868183,1e-05,1.520481935940422,1e-05,0.1740288564071122,1e-05,0.1814510923787393,1e-05,1.037057276100594,1e-05,43.44115863283739,1e-05,0.3860857210433635,1e-05,0.6936701091270163,1e-05,0.683757926240981,1e-05,1.365719619699522,1e-05,0.4945408109073229,1e-05,1.145116282099915,1e-05,0.05552838720107239,1e-05,0.4918824083035336,1e-05,0.4751493139566334
